{
  "project_info": {
    "project_number": "712842353006",
    "firebase_url": "https://tempmeter-6e87f.firebaseio.com",
    "project_id": "tempmeter-6e87f",
    "storage_bucket": "tempmeter-6e87f.appspot.com"
  },
  "client": [
    {
      "client_info": {
        "mobilesdk_app_id": "1:712842353006:android:84b88b7c1bb2d2d6",
        "android_client_info": {
          "package_name": "com.example.tempmeter"
        }
      },
      "oauth_client": [
        {
          "client_id": "712842353006-funsfg4adt4e55d903dte8li60qev9eq.apps.googleusercontent.com",
          "client_type": 1,
          "android_info": {
            "package_name": "com.example.tempmeter",
            "certificate_hash": "50c1ce980b097c851e519320a3fddccee5fcd5e8"
          }
        },
        {
          "client_id": "712842353006-q2ak0fgp8uhtns339sc8n640konm7j8d.apps.googleusercontent.com",
          "client_type": 3
        }
      ],
      "api_key": [
        {
          "current_key": "AIzaSyAbKuO1BjTwgTtdiiWFj6NnKEfXOnKO2V0"
        }
      ],
      "services": {
        "analytics_service": {
          "status": 1
        },
        "appinvite_service": {
          "status": 2,
          "other_platform_oauth_client": [
            {
              "client_id": "712842353006-q2ak0fgp8uhtns339sc8n640konm7j8d.apps.googleusercontent.com",
              "client_type": 3
            }
          ]
        },
        "ads_service": {
          "status": 2
        }
      }
    }
  ],
  "configuration_version": "1"
}