{
  "project_info": {
    "project_number": "873991072488",
    "firebase_url": "https://tempmeter-91704.firebaseio.com",
    "project_id": "tempmeter-91704",
    "storage_bucket": "tempmeter-91704.appspot.com"
  },
  "client": [
    {
      "client_info": {
        "mobilesdk_app_id": "1:873991072488:android:84b88b7c1bb2d2d6",
        "android_client_info": {
          "package_name": "com.example.tempmeter"
        }
      },
      "oauth_client": [
        {
          "client_id": "873991072488-1rncp90gs8idvos3n8pe1bkqf1aisuim.apps.googleusercontent.com",
          "client_type": 3
        }
      ],
      "api_key": [
        {
          "current_key": "AIzaSyBrq-QeOkkVwQb1KL2TPmV15L2X577F8P8"
        }
      ],
      "services": {
        "analytics_service": {
          "status": 1
        },
        "appinvite_service": {
          "status": 1,
          "other_platform_oauth_client": []
        },
        "ads_service": {
          "status": 2
        }
      }
    }
  ],
  "configuration_version": "1"
}